id,callStartTime,callEndTime,fromNumber,toNumber,callType,region
cdr_001,2026-01-21T14:30:00.000Z,2026-01-21T14:35:30.000Z,+14155551234,+442071234567,voice,us-west
cdr_002,2026-01-21T14:31:15.000Z,2026-01-21T14:33:45.000Z,+442071234567,+14155551234,voice,eu-west
cdr_003,2026-01-21T14:32:00.000Z,2026-01-21T14:47:30.000Z,+14155559876,+447911123456,video,us-west
cdr_004,2026-01-21T14:30:00.000Z,2026-01-21T14:35:30.000Z,+14155551234,+442071234567,voice,us-west
cdr_005,2026-01-21T14:31:15.000Z,2026-01-21T14:33:45.000Z,+442071234567,+14155551234,voice,eu-west
cdr_006,2026-01-21T14:32:00.000Z,2026-01-21T14:47:30.000Z,+14155559876,+447911123456,video,us-west
cdr_007,2026-01-21T14:30:00.000Z,2026-01-21T14:35:30.000Z,+14155551234,+442071234567,voice,us-west
cdr_008,2026-01-21T14:31:15.000Z,2026-01-21T14:33:45.000Z,+442071234567,+14155551234,voice,eu-west
cdr_009,2026-01-21T14:32:00.000Z,2026-01-21T14:47:30.888Z,+99999999999,+88888888888,sms,us-east
cdr_0010,2026-01-21T14:30:00.000Z,2026-01-21T14:35:30.000Z,+14155551234,+442071234567,voice,us-west